name,category,top,psf1,psf2,notes,link
3 ORCHARD BY-THE-PARK,,1/5/2023,0,3871,Bedok,https://share.ecoprop.com/3-ORCHARD-BY-THE-PARK/R065963D
8 @ MOUNT SOPHIA,,1/6/2023,1474,1707,Kampong Bahru,https://share.ecoprop.com/8-MOUNT-SOPHIA/R065963D
8 SAINT THOMAS,,1/5/2026,3134,0,Chinatown,https://share.ecoprop.com/8-SAINT-THOMAS/R065963D
8@WOODLEIGH,,1/12/2020,1703,0,Jalan Besar,https://share.ecoprop.com/8@WOODLEIGH/R065963D
A TREASURE TROVE,,1/3/2025,1455,1427,AMK,https://share.ecoprop.com/A-TREASURE-TROVE/R065963D
AALTO,,1/6/2024,0,2455,Holland V,https://share.ecoprop.com/AALTO/R065963D
ADAM PARK CONDOMINIUM,,1/3/2027,0,1996,Tiong Bahru,https://share.ecoprop.com/ADAM-PARK-CONDOMINIUM/R065963D
ALLSWORTH PARK,,1/12/2020,0,2093,some notes,https://share.ecoprop.com/ALLSWORTH-PARK/R065963D
AMARYLLIS VILLE,,1/12/2020,0,1967,some notes,https://share.ecoprop.com/AMARYLLIS-VILLE/R065963D
AMBER PARK,,1/12/2020,2671,2422,some notes,https://share.ecoprop.com/AMBER-PARK/R065963D
AQUARIUS BY THE PARK,,1/12/2020,1198,1186,some notes,https://share.ecoprop.com/AQUARIUS-BY-THE-PARK/R065963D
ARCHIPELAGO,,1/12/2020,0,1486,some notes,https://share.ecoprop.com/ARCHIPELAGO/R065963D
ARDMORE II,,1/12/2020,0,3261,some notes,https://share.ecoprop.com/ARDMORE-II/R065963D
ARDMORE PARK,,1/12/2020,0,4510,some notes,https://share.ecoprop.com/ARDMORE-PARK/R065963D
ARTHUR MANSIONS,,1/12/2020,0,1968,some notes,https://share.ecoprop.com/ARTHUR-MANSIONS/R065963D
ASCENTIA SKY,,1/12/2020,0,1740,some notes,https://share.ecoprop.com/ASCENTIA-SKY/R065963D
ASPEN HEIGHTS,,1/12/2020,0,2135,some notes,https://share.ecoprop.com/ASPEN-HEIGHTS/R065963D
ASTOR GREEN,,1/12/2020,0,1424,some notes,https://share.ecoprop.com/ASTOR-GREEN/R065963D
ASTORIA PARK,,1/12/2020,1302,1130,some notes,https://share.ecoprop.com/ASTORIA-PARK/R065963D
ASTRID MEADOWS,,1/12/2020,0,2175,some notes,https://share.ecoprop.com/ASTRID-MEADOWS/R065963D
AVILA GARDENS,,1/12/2020,0,1111,some notes,https://share.ecoprop.com/AVILA-GARDENS/R065963D
BALLOTA PARK CONDOMINIUM,,1/12/2020,0,974,some notes,https://share.ecoprop.com/BALLOTA-PARK-CONDOMINIUM/R065963D
BALMORAL GATE,,1/12/2020,0,2184,some notes,https://share.ecoprop.com/BALMORAL-GATE/R065963D
BARTLEY RIDGE,,1/12/2020,1717,1771,some notes,https://share.ecoprop.com/BARTLEY-RIDGE/R065963D
BAYSHORE PARK,,1/12/2020,1335,1258,some notes,https://share.ecoprop.com/BAYSHORE-PARK/R065963D
BAYVILLE CONDOMINIUM,,1/12/2020,0,1155,some notes,https://share.ecoprop.com/BAYVILLE-CONDOMINIUM/R065963D
BAYWATER,,1/12/2020,0,1228,some notes,https://share.ecoprop.com/BAYWATER/R065963D
BEACON HEIGHTS,,1/12/2020,1465,0,some notes,https://share.ecoprop.com/BEACON-HEIGHTS/R065963D
BEDOK COURT,,1/12/2020,0,1019,some notes,https://share.ecoprop.com/BEDOK-COURT/R065963D
BELMOND GREEN,,1/12/2020,0,2290,some notes,https://share.ecoprop.com/BELMOND-GREEN/R065963D
BISHAN PARK CONDOMINIUM,,1/12/2020,0,1226,some notes,https://share.ecoprop.com/BISHAN-PARK-CONDOMINIUM/R065963D
BISHAN POINT,,1/12/2020,1410,1383,some notes,https://share.ecoprop.com/BISHAN-POINT/R065963D
BLISS@KOVAN,,1/12/2020,0,1516,some notes,https://share.ecoprop.com/BLISS@KOVAN/R065963D
BLOSSOMS @ WOODLEIGH,,1/12/2020,0,1804,some notes,https://share.ecoprop.com/BLOSSOMS-WOODLEIGH/R065963D
BLUE HORIZON,,1/12/2020,1370,1276,some notes,https://share.ecoprop.com/BLUE-HORIZON/R065963D
BLUWATERS 2,,1/12/2020,0,1017,some notes,https://share.ecoprop.com/BLUWATERS-2/R065963D
BOATHOUSE RESIDENCES,,1/12/2020,1268,1284,some notes,https://share.ecoprop.com/BOATHOUSE-RESIDENCES/R065963D
BOTANIQUE AT BARTLEY,,1/12/2020,1703,1709,some notes,https://share.ecoprop.com/BOTANIQUE-AT-BARTLEY/R065963D
BULLION PARK,,1/12/2020,0,1333,some notes,https://share.ecoprop.com/BULLION-PARK/R065963D
CANBERRA RESIDENCES,,1/12/2020,0,1062,some notes,https://share.ecoprop.com/CANBERRA-RESIDENCES/R065963D
CAPE ROYALE,,1/12/2020,0,2237,some notes,https://share.ecoprop.com/CAPE-ROYALE/R065963D
CARABELLE,,1/12/2020,1603,1637,some notes,https://share.ecoprop.com/CARABELLE/R065963D
CARDIFF RESIDENCE,,1/12/2020,1475,0,some notes,https://share.ecoprop.com/CARDIFF-RESIDENCE/R065963D
CARIBBEAN AT KEPPEL BAY,,1/12/2020,1861,1822,some notes,https://share.ecoprop.com/CARIBBEAN-AT-KEPPEL-BAY/R065963D
CARISSA PARK CONDOMINIUM,,1/12/2020,1043,1118,some notes,https://share.ecoprop.com/CARISSA-PARK-CONDOMINIUM/R065963D
CASABELLA,,1/12/2020,0,2059,some notes,https://share.ecoprop.com/CASABELLA/R065963D
CASABLANCA,,1/12/2020,1032,974,some notes,https://share.ecoprop.com/CASABLANCA/R065963D
CASAFINA,,1/12/2020,0,1144,some notes,https://share.ecoprop.com/CASAFINA/R065963D
CASCADALE,,1/12/2020,0,1086,some notes,https://share.ecoprop.com/CASCADALE/R065963D
CASHEW HEIGHTS CONDOMINIUM,,1/12/2020,0,1440,some notes,https://share.ecoprop.com/CASHEW-HEIGHTS-CONDOMINIUM/R065963D
CASPIAN,,1/12/2020,1519,1385,some notes,https://share.ecoprop.com/CASPIAN/R065963D
CASTLE GREEN,,1/12/2020,0,1182,some notes,https://share.ecoprop.com/CASTLE-GREEN/R065963D
CASUARINA COVE,,1/12/2020,0,1530,some notes,https://share.ecoprop.com/CASUARINA-COVE/R065963D
CAVENDISH PARK,,1/12/2020,0,1600,some notes,https://share.ecoprop.com/CAVENDISH-PARK/R065963D
CENTRAL VIEW,,1/12/2020,1200,0,some notes,https://share.ecoprop.com/CENTRAL-VIEW/R065963D
CENTRO RESIDENCES,,1/12/2020,0,1658,some notes,https://share.ecoprop.com/CENTRO-RESIDENCES/R065963D
CHANGI COURT,,1/12/2020,0,1226,some notes,https://share.ecoprop.com/CHANGI-COURT/R065963D
CHANGI RISE CONDOMINIUM,,1/12/2020,0,1045,some notes,https://share.ecoprop.com/CHANGI-RISE-CONDOMINIUM/R065963D
CHANTILLY RISE,,1/12/2020,0,1318,some notes,https://share.ecoprop.com/CHANTILLY-RISE/R065963D
CHAPEL LODGE,,1/12/2020,0,1492,some notes,https://share.ecoprop.com/CHAPEL-LODGE/R065963D
CHERRYHILL,,1/12/2020,0,1435,some notes,https://share.ecoprop.com/CHERRYHILL/R065963D
CHILTERN PARK,,1/12/2020,0,1175,some notes,https://share.ecoprop.com/CHILTERN-PARK/R065963D
CITY SQUARE RESIDENCES,,1/12/2020,0,1921,some notes,https://share.ecoprop.com/CITY-SQUARE-RESIDENCES/R065963D
CITYLIGHTS,,1/12/2020,1804,0,some notes,https://share.ecoprop.com/CITYLIGHTS/R065963D
CLIVEDEN AT GRANGE,,1/12/2020,0,2850,some notes,https://share.ecoprop.com/CLIVEDEN-AT-GRANGE/R065963D
CLOVER BY THE PARK,,1/12/2020,0,1727,some notes,https://share.ecoprop.com/CLOVER-BY-THE-PARK/R065963D
CLUNY PARK RESIDENCE,,1/12/2020,0,2713,some notes,https://share.ecoprop.com/CLUNY-PARK-RESIDENCE/R065963D
COCO PALMS,,1/12/2020,1530,0,some notes,https://share.ecoprop.com/COCO-PALMS/R065963D
COMMONWEALTH TOWERS,,1/12/2020,2047,0,some notes,https://share.ecoprop.com/COMMONWEALTH-TOWERS/R065963D
CORALS AT KEPPEL BAY,,1/12/2020,0,2542,some notes,https://share.ecoprop.com/CORALS-AT-KEPPEL-BAY/R065963D
COSTA DEL SOL,,1/12/2020,1689,1661,some notes,https://share.ecoprop.com/COSTA-DEL-SOL/R065963D
COSTA RHU,,1/12/2020,0,1726,some notes,https://share.ecoprop.com/COSTA-RHU/R065963D
COTE D'AZUR,,1/12/2020,0,1797,some notes,https://share.ecoprop.com/COTE-D'AZUR/R065963D
CUSCADEN RESIDENCES,,1/12/2020,0,2529,some notes,https://share.ecoprop.com/CUSCADEN-RESIDENCES/R065963D
CYAN,,1/12/2020,0,3119,some notes,https://share.ecoprop.com/CYAN/R065963D
D'LEEDON,,1/12/2020,1850,1869,some notes,https://share.ecoprop.com/D'LEEDON/R065963D
D'NEST,,1/12/2020,1401,1199,some notes,https://share.ecoprop.com/D'NEST/R065963D
DAHLIA PARK CONDOMINIUM,,1/12/2020,0,1107,some notes,https://share.ecoprop.com/DAHLIA-PARK-CONDOMINIUM/R065963D
DAINTREE RESIDENCE,,1/12/2020,2038,0,some notes,https://share.ecoprop.com/DAINTREE-RESIDENCE/R065963D
DAKOTA RESIDENCES,,1/12/2020,0,1698,some notes,https://share.ecoprop.com/DAKOTA-RESIDENCES/R065963D
DALVEY HAUS,,1/12/2020,0,3732,some notes,https://share.ecoprop.com/DALVEY-HAUS/R065963D
DOMAIN 21,,1/12/2020,0,1678,some notes,https://share.ecoprop.com/DOMAIN-21/R065963D
DOUBLE BAY RESIDENCES,,1/12/2020,1281,1315,some notes,https://share.ecoprop.com/DOUBLE-BAY-RESIDENCES/R065963D
DOVER PARKVIEW,,1/12/2020,1309,0,some notes,https://share.ecoprop.com/DOVER-PARKVIEW/R065963D
DUNMAN VIEW,,1/12/2020,0,1430,some notes,https://share.ecoprop.com/DUNMAN-VIEW/R065963D
EAST MEADOWS,,1/12/2020,0,1200,some notes,https://share.ecoprop.com/EAST-MEADOWS/R065963D
EASTERN LAGOON,,1/12/2020,1772,0,some notes,https://share.ecoprop.com/EASTERN-LAGOON/R065963D
EASTPOINT GREEN,,1/12/2020,1054,970,some notes,https://share.ecoprop.com/EASTPOINT-GREEN/R065963D
ECHELON,,1/12/2020,2278,1986,some notes,https://share.ecoprop.com/ECHELON/R065963D
ECO,,1/12/2020,1493,0,some notes,https://share.ecoprop.com/ECO/R065963D
ECO SANCTUARY,,1/12/2020,1582,0,some notes,https://share.ecoprop.com/ECO-SANCTUARY/R065963D
EDELWEISS PARK CONDOMINIUM,,1/12/2020,0,1116,some notes,https://share.ecoprop.com/EDELWEISS-PARK-CONDOMINIUM/R065963D
EIGHT COURTYARDS,,1/12/2020,0,1248,some notes,https://share.ecoprop.com/EIGHT-COURTYARDS/R065963D
EIGHT RIVERSUITES,,1/12/2020,1815,1648,some notes,https://share.ecoprop.com/EIGHT-RIVERSUITES/R065963D
ELIAS GREEN,,1/12/2020,0,929,some notes,https://share.ecoprop.com/ELIAS-GREEN/R065963D
ESCADA VIEW,,1/12/2020,0,1054,some notes,https://share.ecoprop.com/ESCADA-VIEW/R065963D
ESTELLA GARDENS,,1/12/2020,0,1192,some notes,https://share.ecoprop.com/ESTELLA-GARDENS/R065963D
EUHABITAT,,1/12/2020,1429,1362,some notes,https://share.ecoprop.com/EUHABITAT/R065963D
EUPHONY GARDENS,,1/12/2020,929,0,some notes,https://share.ecoprop.com/EUPHONY-GARDENS/R065963D
FERRARIA PARK CONDOMINIUM,,1/12/2020,0,1149,some notes,https://share.ecoprop.com/FERRARIA-PARK-CONDOMINIUM/R065963D
FLAMINGO VALLEY,,1/12/2020,0,1727,some notes,https://share.ecoprop.com/FLAMINGO-VALLEY/R065963D
FLO RESIDENCE,,1/12/2020,1220,1226,some notes,https://share.ecoprop.com/FLO-RESIDENCE/R065963D
FONTAINE PARRY,,1/12/2020,0,1368,some notes,https://share.ecoprop.com/FONTAINE-PARRY/R065963D
FORESQUE RESIDENCES,,1/12/2020,1575,1476,some notes,https://share.ecoprop.com/FORESQUE-RESIDENCES/R065963D
FOREST WOODS,,1/12/2020,1838,0,some notes,https://share.ecoprop.com/FOREST-WOODS/R065963D
FORT GARDENS,,1/12/2020,0,1837,some notes,https://share.ecoprop.com/FORT-GARDENS/R065963D
FULCRUM,,1/12/2020,2111,0,some notes,https://share.ecoprop.com/FULCRUM/R065963D
GARDENVISTA,,1/12/2020,0,1725,some notes,https://share.ecoprop.com/GARDENVISTA/R065963D
GEM RESIDENCES,,1/12/2020,1824,2067,some notes,https://share.ecoprop.com/GEM-RESIDENCES/R065963D
GLENDALE PARK,,1/12/2020,0,1576,some notes,https://share.ecoprop.com/GLENDALE-PARK/R065963D
GOODWOOD RESIDENCE,,1/12/2020,0,2638,some notes,https://share.ecoprop.com/GOODWOOD-RESIDENCE/R065963D
GRAMERCY PARK,,1/12/2020,0,3625,some notes,https://share.ecoprop.com/GRAMERCY-PARK/R065963D
GRANDEUR 8,,1/12/2020,0,1174,some notes,https://share.ecoprop.com/GRANDEUR-8/R065963D
GRANDEUR PARK RESIDENCES,,1/12/2020,1902,1713,some notes,https://share.ecoprop.com/GRANDEUR-PARK-RESIDENCES/R065963D
GRANGE RESIDENCES,,1/12/2020,0,3147,some notes,https://share.ecoprop.com/GRANGE-RESIDENCES/R065963D
GUILIN VIEW,,1/12/2020,1023,1047,some notes,https://share.ecoprop.com/GUILIN-VIEW/R065963D
H2O RESIDENCES,,1/12/2020,1318,1345,some notes,https://share.ecoprop.com/H2O-RESIDENCES/R065963D
HAIG COURT,,1/12/2020,0,2000,some notes,https://share.ecoprop.com/HAIG-COURT/R065963D
HALLMARK RESIDENCES,,1/12/2020,0,1768,some notes,https://share.ecoprop.com/HALLMARK-RESIDENCES/R065963D
HAUS ON HANDY,,1/12/2020,2764,0,some notes,https://share.ecoprop.com/HAUS-ON-HANDY/R065963D
HAZEL PARK CONDOMINIUM,,1/12/2020,0,1596,some notes,https://share.ecoprop.com/HAZEL-PARK-CONDOMINIUM/R065963D
HEDGES PARK CONDOMINIUM,,1/12/2020,1348,1192,some notes,https://share.ecoprop.com/HEDGES-PARK-CONDOMINIUM/R065963D
HERITAGE VIEW,,1/12/2020,0,1602,some notes,https://share.ecoprop.com/HERITAGE-VIEW/R065963D
HIGH OAK CONDOMINIUM,,1/12/2020,0,1304,some notes,https://share.ecoprop.com/HIGH-OAK-CONDOMINIUM/R065963D
HIGHGATE,,1/12/2020,0,1462,some notes,https://share.ecoprop.com/HIGHGATE/R065963D
HIGHLINE RESIDENCES,,1/12/2020,0,2124,some notes,https://share.ecoprop.com/HIGHLINE-RESIDENCES/R065963D
HILLBROOKS,,1/12/2020,0,1495,some notes,https://share.ecoprop.com/HILLBROOKS/R065963D
HILLINGTON GREEN,,1/12/2020,0,1588,some notes,https://share.ecoprop.com/HILLINGTON-GREEN/R065963D
HILLSTA,,1/12/2020,1371,0,some notes,https://share.ecoprop.com/HILLSTA/R065963D
HILLTOP GROVE,,1/12/2020,0,1121,some notes,https://share.ecoprop.com/HILLTOP-GROVE/R065963D
HILLVIEW PARK,,1/12/2020,0,1467,some notes,https://share.ecoprop.com/HILLVIEW-PARK/R065963D
HILLVIEW REGENCY,,1/12/2020,1058,0,some notes,https://share.ecoprop.com/HILLVIEW-REGENCY/R065963D
HILLVIEW RESIDENCE,,1/12/2020,0,1397,some notes,https://share.ecoprop.com/HILLVIEW-RESIDENCE/R065963D
HILLVISTA,,1/12/2020,0,1550,some notes,https://share.ecoprop.com/HILLVISTA/R065963D
HUME PARK II,,1/12/2020,0,1580,some notes,https://share.ecoprop.com/HUME-PARK-II/R065963D
HUNDRED TREES,,1/12/2020,1591,0,some notes,https://share.ecoprop.com/HUNDRED-TREES/R065963D
HYLL ON HOLLAND,,1/12/2020,2877,2893,some notes,https://share.ecoprop.com/HYLL-ON-HOLLAND/R065963D
IVORY HEIGHTS,,1/12/2020,0,1048,some notes,https://share.ecoprop.com/IVORY-HEIGHTS/R065963D
J GATEWAY,,1/12/2020,1875,0,some notes,https://share.ecoprop.com/J-GATEWAY/R065963D
JADESCAPE,,1/12/2020,2093,2189,some notes,https://share.ecoprop.com/JADESCAPE/R065963D
JARDIN,,1/12/2020,0,1793,some notes,https://share.ecoprop.com/JARDIN/R065963D
JEWEL @ BUANGKOK,,1/12/2020,1621,1557,some notes,https://share.ecoprop.com/JEWEL-BUANGKOK/R065963D
KENSINGTON PARK CONDOMINIUM,,1/12/2020,0,1553,some notes,https://share.ecoprop.com/KENSINGTON-PARK-CONDOMINIUM/R065963D
KERRISDALE,,1/12/2020,0,1548,some notes,https://share.ecoprop.com/KERRISDALE/R065963D
KI RESIDENCES AT BROOKVALE,,1/12/2020,2426,2124,some notes,https://share.ecoprop.com/KI-RESIDENCES-AT-BROOKVALE/R065963D
KINGSFORD . HILLVIEW PEAK,,1/12/2020,1414,0,some notes,https://share.ecoprop.com/KINGSFORD-.-HILLVIEW-PEAK/R065963D
KOVAN MELODY,,1/12/2020,0,1396,some notes,https://share.ecoprop.com/KOVAN-MELODY/R065963D
KOVAN REGENCY,,1/12/2020,0,1666,some notes,https://share.ecoprop.com/KOVAN-REGENCY/R065963D
KOVAN RESIDENCES,,1/12/2020,0,1422,some notes,https://share.ecoprop.com/KOVAN-RESIDENCES/R065963D
LA FIESTA,,1/12/2020,1507,1336,some notes,https://share.ecoprop.com/LA-FIESTA/R065963D
LAGUNA 88,,1/12/2020,0,1080,some notes,https://share.ecoprop.com/LAGUNA-88/R065963D
LAKE GRANDE,,1/12/2020,1690,1628,some notes,https://share.ecoprop.com/LAKE-GRANDE/R065963D
LAKEPOINT CONDOMINIUM,,1/12/2020,0,809,some notes,https://share.ecoprop.com/LAKEPOINT-CONDOMINIUM/R065963D
LAKEVILLE,,1/12/2020,1622,1692,some notes,https://share.ecoprop.com/LAKEVILLE/R065963D
LANDBAY CONDOMINIUM,,1/12/2020,0,1682,some notes,https://share.ecoprop.com/LANDBAY-CONDOMINIUM/R065963D
LANDRIDGE CONDOMINIUM,,1/12/2020,0,1443,some notes,https://share.ecoprop.com/LANDRIDGE-CONDOMINIUM/R065963D
LEEDON GREEN,,1/12/2020,2846,3392,some notes,https://share.ecoprop.com/LEEDON-GREEN/R065963D
LEEDON RESIDENCE,,1/12/2020,0,2758,some notes,https://share.ecoprop.com/LEEDON-RESIDENCE/R065963D
LES MAISONS NASSIM,,1/12/2020,0,5213,some notes,https://share.ecoprop.com/LES-MAISONS-NASSIM/R065963D
LINCOLN SUITES,,1/12/2020,0,2260,some notes,https://share.ecoprop.com/LINCOLN-SUITES/R065963D
LIV @ MB,,1/12/2020,0,2579,some notes,https://share.ecoprop.com/LIV-MB/R065963D
LIVIA,,1/12/2020,0,1198,some notes,https://share.ecoprop.com/LIVIA/R065963D
MANDARIN GARDENS,,1/12/2020,1448,1430,some notes,https://share.ecoprop.com/MANDARIN-GARDENS/R065963D
MARINA BAY RESIDENCES,,1/12/2020,2114,0,some notes,https://share.ecoprop.com/MARINA-BAY-RESIDENCES/R065963D
MARINA BAY SUITES,,1/12/2020,0,1959,some notes,https://share.ecoprop.com/MARINA-BAY-SUITES/R065963D
MARINA COLLECTION,,1/12/2020,0,1421,some notes,https://share.ecoprop.com/MARINA-COLLECTION/R065963D
MARTIN MODERN,,1/12/2020,2662,2943,some notes,https://share.ecoprop.com/MARTIN-MODERN/R065963D
MARTIN PLACE RESIDENCES,,1/12/2020,0,2514,some notes,https://share.ecoprop.com/MARTIN-PLACE-RESIDENCES/R065963D
MARYMOUNT VIEW,,1/12/2020,1466,0,some notes,https://share.ecoprop.com/MARYMOUNT-VIEW/R065963D
MAYFAIR GARDENS,,1/12/2020,2172,2079,some notes,https://share.ecoprop.com/MAYFAIR-GARDENS/R065963D
MEADOWS @ PEIRCE,,1/12/2020,0,1632,some notes,https://share.ecoprop.com/MEADOWS-PEIRCE/R065963D
MELVILLE PARK,,1/12/2020,938,896,some notes,https://share.ecoprop.com/MELVILLE-PARK/R065963D
MERAPRIME,,1/12/2020,1906,0,some notes,https://share.ecoprop.com/MERAPRIME/R065963D
MODENA,,1/12/2020,0,1071,some notes,https://share.ecoprop.com/MODENA/R065963D
MON JERVOIS,,1/12/2020,2002,0,some notes,https://share.ecoprop.com/MON-JERVOIS/R065963D
MY MANHATTAN,,1/12/2020,1526,1329,some notes,https://share.ecoprop.com/MY-MANHATTAN/R065963D
Maplewoods,,1/12/2020,0,2049,some notes,https://share.ecoprop.com/Maplewoods/R065963D
NEW FUTURA,,1/12/2020,0,4645,some notes,https://share.ecoprop.com/NEW-FUTURA/R065963D
NEWTON ONE,,1/12/2020,0,2261,some notes,https://share.ecoprop.com/NEWTON-ONE/R065963D
NOUVEL 18,,1/12/2020,0,3082,some notes,https://share.ecoprop.com/NOUVEL-18/R065963D
NV RESIDENCES,,1/12/2020,1233,1101,some notes,https://share.ecoprop.com/NV-RESIDENCES/R065963D
OASIS @ ELIAS,,1/12/2020,0,1033,some notes,https://share.ecoprop.com/OASIS-ELIAS/R065963D
OASIS GARDEN,,1/12/2020,0,1503,some notes,https://share.ecoprop.com/OASIS-GARDEN/R065963D
OCEAN PARK,,1/12/2020,0,1740,some notes,https://share.ecoprop.com/OCEAN-PARK/R065963D
ONE AMBER,,1/12/2020,2390,2141,some notes,https://share.ecoprop.com/ONE-AMBER/R065963D
ONE DEVONSHIRE,,1/12/2020,0,2608,some notes,https://share.ecoprop.com/ONE-DEVONSHIRE/R065963D
ONE JERVOIS,,1/12/2020,0,2198,some notes,https://share.ecoprop.com/ONE-JERVOIS/R065963D
OPTIMA @ TANAH MERAH,,1/12/2020,1457,1392,some notes,https://share.ecoprop.com/OPTIMA-TANAH-MERAH/R065963D
ORANGE GROVE RESIDENCES,,1/12/2020,0,2287,some notes,https://share.ecoprop.com/ORANGE-GROVE-RESIDENCES/R065963D
ORCHID PARK CONDOMINIUM,,1/12/2020,0,894,some notes,https://share.ecoprop.com/ORCHID-PARK-CONDOMINIUM/R065963D
OUE TWIN PEAKS,,1/12/2020,2103,0,some notes,https://share.ecoprop.com/OUE-TWIN-PEAKS/R065963D
PALISADES,,1/12/2020,0,1049,some notes,https://share.ecoprop.com/PALISADES/R065963D
PALM GARDENS,,1/12/2020,0,987,some notes,https://share.ecoprop.com/PALM-GARDENS/R065963D
PALM GROVE CONDOMINIUM,,1/12/2020,1327,1429,some notes,https://share.ecoprop.com/PALM-GROVE-CONDOMINIUM/R065963D
PALM ISLES,,1/12/2020,1287,0,some notes,https://share.ecoprop.com/PALM-ISLES/R065963D
PALM SPRING,,1/12/2020,0,2000,some notes,https://share.ecoprop.com/PALM-SPRING/R065963D
PALMWOODS,,1/12/2020,0,1006,some notes,https://share.ecoprop.com/PALMWOODS/R065963D
PANDAN VALLEY,,1/12/2020,0,1441,some notes,https://share.ecoprop.com/PANDAN-VALLEY/R065963D
PARC BOTANNIA,,1/12/2020,1568,0,some notes,https://share.ecoprop.com/PARC-BOTANNIA/R065963D
PARC CENTROS,,1/12/2020,1474,1485,some notes,https://share.ecoprop.com/PARC-CENTROS/R065963D
PARC IMPERIAL,,1/12/2020,1845,0,some notes,https://share.ecoprop.com/PARC-IMPERIAL/R065963D
PARC OASIS,,1/12/2020,0,1065,some notes,https://share.ecoprop.com/PARC-OASIS/R065963D
PARC OLYMPIA,,1/12/2020,1142,1126,some notes,https://share.ecoprop.com/PARC-OLYMPIA/R065963D
PARC RIVIERA,,1/12/2020,1602,1620,some notes,https://share.ecoprop.com/PARC-RIVIERA/R065963D
PARC ROSEWOOD,,1/12/2020,1314,882,some notes,https://share.ecoprop.com/PARC-ROSEWOOD/R065963D
PARC STEVENS,,1/12/2020,0,2265,some notes,https://share.ecoprop.com/PARC-STEVENS/R065963D
PARC VERA,,1/12/2020,0,1282,some notes,https://share.ecoprop.com/PARC-VERA/R065963D
PARC VISTA,,1/12/2020,0,1124,some notes,https://share.ecoprop.com/PARC-VISTA/R065963D
PARK COLONIAL,,1/12/2020,2106,2115,some notes,https://share.ecoprop.com/PARK-COLONIAL/R065963D
PARK INFINIA AT WEE NAM,,1/12/2020,0,2428,some notes,https://share.ecoprop.com/PARK-INFINIA-AT-WEE-NAM/R065963D
PARVIS,,1/12/2020,2280,2116,some notes,https://share.ecoprop.com/PARVIS/R065963D
PATERSON SUITES,,1/12/2020,0,2787,some notes,https://share.ecoprop.com/PATERSON-SUITES/R065963D
PAVILION 11,,1/12/2020,0,2053,some notes,https://share.ecoprop.com/PAVILION-11/R065963D
PEAK RESIDENCE,,1/12/2020,2547,2484,some notes,https://share.ecoprop.com/PEAK-RESIDENCE/R065963D
PINE GROVE,,1/12/2020,0,1028,some notes,https://share.ecoprop.com/PINE-GROVE/R065963D
POLLEN & BLEU,,1/12/2020,2155,0,some notes,https://share.ecoprop.com/POLLEN-&-BLEU/R065963D
PRINCIPAL GARDEN,,1/12/2020,1971,2268,some notes,https://share.ecoprop.com/PRINCIPAL-GARDEN/R065963D
Q BAY RESIDENCES,,1/12/2020,1366,1314,some notes,https://share.ecoprop.com/Q-BAY-RESIDENCES/R065963D
QUEENS,,1/12/2020,0,1552,some notes,https://share.ecoprop.com/QUEENS/R065963D
QUEENS PEAK,,1/12/2020,2064,0,some notes,https://share.ecoprop.com/QUEENS-PEAK/R065963D
REFLECTIONS AT KEPPEL BAY,,1/12/2020,0,1972,some notes,https://share.ecoprop.com/REFLECTIONS-AT-KEPPEL-BAY/R065963D
REGENT HEIGHTS,,1/12/2020,0,998,some notes,https://share.ecoprop.com/REGENT-HEIGHTS/R065963D
REGENT PARK,,1/12/2020,1156,0,some notes,https://share.ecoprop.com/REGENT-PARK/R065963D
RIDGEWOOD,,1/12/2020,0,1609,some notes,https://share.ecoprop.com/RIDGEWOOD/R065963D
RIO VISTA,,1/12/2020,0,1076,some notes,https://share.ecoprop.com/RIO-VISTA/R065963D
RIPPLE BAY,,1/12/2020,1444,1206,some notes,https://share.ecoprop.com/RIPPLE-BAY/R065963D
RIVER ISLES,,1/12/2020,0,1224,some notes,https://share.ecoprop.com/RIVER-ISLES/R065963D
RIVER PLACE,,1/12/2020,0,1413,some notes,https://share.ecoprop.com/RIVER-PLACE/R065963D
RIVERBANK @ FERNVALE,,1/12/2020,1605,1293,some notes,https://share.ecoprop.com/RIVERBANK-FERNVALE/R065963D
RIVERSAILS,,1/12/2020,1304,1324,some notes,https://share.ecoprop.com/RIVERSAILS/R065963D
RIVERSOUND RESIDENCE,,1/12/2020,1244,1267,some notes,https://share.ecoprop.com/RIVERSOUND-RESIDENCE/R065963D
ROSEWOOD,,1/12/2020,0,936,some notes,https://share.ecoprop.com/ROSEWOOD/R065963D
ROYALGREEN,,1/12/2020,2714,0,some notes,https://share.ecoprop.com/ROYALGREEN/R065963D
RV RESIDENCES,,1/12/2020,2298,0,some notes,https://share.ecoprop.com/RV-RESIDENCES/R065963D
SANCTUARY GREEN,,1/12/2020,1622,0,some notes,https://share.ecoprop.com/SANCTUARY-GREEN/R065963D
SANT RITZ,,1/12/2020,1731,1362,some notes,https://share.ecoprop.com/SANT-RITZ/R065963D
SAVANNAH CONDOPARK,,1/12/2020,0,1079,some notes,https://share.ecoprop.com/SAVANNAH-CONDOPARK/R065963D
SCOTTS 28,,1/12/2020,0,2394,some notes,https://share.ecoprop.com/SCOTTS-28/R065963D
SCULPTURA ARDMORE,,1/12/2020,0,5022,some notes,https://share.ecoprop.com/SCULPTURA-ARDMORE/R065963D
SEAHILL,,1/12/2020,1649,0,some notes,https://share.ecoprop.com/SEAHILL/R065963D
SEASCAPE,,1/12/2020,0,1952,some notes,https://share.ecoprop.com/SEASCAPE/R065963D
SEASONS PARK,,1/12/2020,0,901,some notes,https://share.ecoprop.com/SEASONS-PARK/R065963D
SEASTRAND,,1/12/2020,1220,0,some notes,https://share.ecoprop.com/SEASTRAND/R065963D
SELETAR PARK RESIDENCE,,1/12/2020,1320,1216,some notes,https://share.ecoprop.com/SELETAR-PARK-RESIDENCE/R065963D
SELETAR SPRINGS CONDOMINIUM,,1/12/2020,965,928,some notes,https://share.ecoprop.com/SELETAR-SPRINGS-CONDOMINIUM/R065963D
SENNETT RESIDENCE,,1/12/2020,1612,0,some notes,https://share.ecoprop.com/SENNETT-RESIDENCE/R065963D
SEVENTY SAINT PATRICK'S,,1/12/2020,2108,0,some notes,https://share.ecoprop.com/SEVENTY-SAINT-PATRICK'S/R065963D
SHELFORD REGENCY,,1/12/2020,0,2122,some notes,https://share.ecoprop.com/SHELFORD-REGENCY/R065963D
SIGNATURE PARK,,1/12/2020,0,1505,some notes,https://share.ecoprop.com/SIGNATURE-PARK/R065963D
SILVERSEA,,1/12/2020,0,1830,some notes,https://share.ecoprop.com/SILVERSEA/R065963D
SIMS URBAN OASIS,,1/12/2020,1696,1749,some notes,https://share.ecoprop.com/SIMS-URBAN-OASIS/R065963D
SKIES MILTONIA,,1/12/2020,1202,0,some notes,https://share.ecoprop.com/SKIES-MILTONIA/R065963D
SKY GREEN,,1/12/2020,1676,0,some notes,https://share.ecoprop.com/SKY-GREEN/R065963D
SKY HABITAT,,1/12/2020,1824,0,some notes,https://share.ecoprop.com/SKY-HABITAT/R065963D
SKY VUE,,1/12/2020,1969,2016,some notes,https://share.ecoprop.com/SKY-VUE/R065963D
SKYLINE RESIDENCES,,1/12/2020,2193,2090,some notes,https://share.ecoprop.com/SKYLINE-RESIDENCES/R065963D
SOLEIL @ SINARAN,,1/12/2020,1978,2154,some notes,https://share.ecoprop.com/SOLEIL-SINARAN/R065963D
SOMMERVILLE PARK,,1/12/2020,0,1989,some notes,https://share.ecoprop.com/SOMMERVILLE-PARK/R065963D
SOPHIA HILLS,,1/12/2020,2078,2046,some notes,https://share.ecoprop.com/SOPHIA-HILLS/R065963D
SPOTTISWOODE RESIDENCES,,1/12/2020,2539,0,some notes,https://share.ecoprop.com/SPOTTISWOODE-RESIDENCES/R065963D
SPRING GROVE,,1/12/2020,0,1828,some notes,https://share.ecoprop.com/SPRING-GROVE/R065963D
STRATFORD COURT,,1/12/2020,1071,1004,some notes,https://share.ecoprop.com/STRATFORD-COURT/R065963D
STRATUM,,1/12/2020,1264,0,some notes,https://share.ecoprop.com/STRATUM/R065963D
STURDEE RESIDENCES,,1/12/2020,2072,1858,some notes,https://share.ecoprop.com/STURDEE-RESIDENCES/R065963D
SUNHAVEN,,1/12/2020,0,1209,some notes,https://share.ecoprop.com/SUNHAVEN/R065963D
SUNNY PALMS,,1/12/2020,0,1043,some notes,https://share.ecoprop.com/SUNNY-PALMS/R065963D
SUNRISE GARDENS,,1/12/2020,992,0,some notes,https://share.ecoprop.com/SUNRISE-GARDENS/R065963D
SYMPHONY HEIGHTS,,1/12/2020,1651,1454,some notes,https://share.ecoprop.com/SYMPHONY-HEIGHTS/R065963D
SYMPHONY SUITES,,1/12/2020,1250,1222,some notes,https://share.ecoprop.com/SYMPHONY-SUITES/R065963D
TANAMERA CREST,,1/12/2020,0,963,some notes,https://share.ecoprop.com/TANAMERA-CREST/R065963D
TANGLIN PARK,,1/12/2020,0,2226,some notes,https://share.ecoprop.com/TANGLIN-PARK/R065963D
TANGLIN REGENCY,,1/12/2020,1703,0,some notes,https://share.ecoprop.com/TANGLIN-REGENCY/R065963D
TANGLIN VIEW,,1/12/2020,0,1603,some notes,https://share.ecoprop.com/TANGLIN-VIEW/R065963D
TEMBUSU GRAND,,1/12/2020,2480,2426,some notes,https://share.ecoprop.com/TEMBUSU-GRAND/R065963D
THE ALPS RESIDENCES,,1/12/2020,1420,1392,some notes,https://share.ecoprop.com/THE-ALPS-RESIDENCES/R065963D
THE ANCHORAGE,,1/12/2020,0,1758,some notes,https://share.ecoprop.com/THE-ANCHORAGE/R065963D
THE ARTE,,1/12/2020,0,1709,some notes,https://share.ecoprop.com/THE-ARTE/R065963D
THE AVENIR,,1/12/2020,3126,3318,some notes,https://share.ecoprop.com/THE-AVENIR/R065963D
THE BAYSHORE,,1/12/2020,1130,1286,some notes,https://share.ecoprop.com/THE-BAYSHORE/R065963D
THE BLOSSOMVALE,,1/12/2020,1995,0,some notes,https://share.ecoprop.com/THE-BLOSSOMVALE/R065963D
THE BOTANY AT DAIRY FARM,,1/12/2020,2169,2069,some notes,https://share.ecoprop.com/THE-BOTANY-AT-DAIRY-FARM/R065963D
THE CALROSE,,1/12/2020,0,1712,some notes,https://share.ecoprop.com/THE-CALROSE/R065963D
THE CARPMAELINA,,1/12/2020,0,1509,some notes,https://share.ecoprop.com/THE-CARPMAELINA/R065963D
THE CASCADIA,,1/12/2020,2034,2060,some notes,https://share.ecoprop.com/THE-CASCADIA/R065963D
THE CLEARWATER,,1/12/2020,0,1200,some notes,https://share.ecoprop.com/THE-CLEARWATER/R065963D
THE COMMODORE,,1/12/2020,0,1532,some notes,https://share.ecoprop.com/THE-COMMODORE/R065963D
THE CREEK @ BUKIT,,1/12/2020,1776,1464,some notes,https://share.ecoprop.com/THE-CREEK-BUKIT/R065963D
THE ESTA,,1/12/2020,0,2195,some notes,https://share.ecoprop.com/THE-ESTA/R065963D
THE ESTUARY,,1/12/2020,1262,1090,some notes,https://share.ecoprop.com/THE-ESTUARY/R065963D
THE FORESTA @ MOUNT FABER,,1/12/2020,1841,0,some notes,https://share.ecoprop.com/THE-FORESTA-MOUNT-FABER/R065963D
THE GALE,,1/12/2020,0,1239,some notes,https://share.ecoprop.com/THE-GALE/R065963D
THE GARDENS AT BISHAN,,1/12/2020,1456,0,some notes,https://share.ecoprop.com/THE-GARDENS-AT-BISHAN/R065963D
THE GAZANIA,,1/12/2020,2206,1739,some notes,https://share.ecoprop.com/THE-GAZANIA/R065963D
THE GLADES,,1/12/2020,1552,0,some notes,https://share.ecoprop.com/THE-GLADES/R065963D
THE GREENWICH,,1/12/2020,1184,0,some notes,https://share.ecoprop.com/THE-GREENWICH/R065963D
THE HILLSIDE,,1/12/2020,0,1504,some notes,https://share.ecoprop.com/THE-HILLSIDE/R065963D
THE IMPERIAL,,1/12/2020,0,2427,some notes,https://share.ecoprop.com/THE-IMPERIAL/R065963D
THE INFINITI,,1/12/2020,0,1432,some notes,https://share.ecoprop.com/THE-INFINITI/R065963D
THE INFLORA,,1/12/2020,1364,0,some notes,https://share.ecoprop.com/THE-INFLORA/R065963D
THE INTERLACE,,1/12/2020,0,1425,some notes,https://share.ecoprop.com/THE-INTERLACE/R065963D
THE LADYHILL,,1/12/2020,0,2586,some notes,https://share.ecoprop.com/THE-LADYHILL/R065963D
THE LAKEFRONT RESIDENCES,,1/12/2020,1232,0,some notes,https://share.ecoprop.com/THE-LAKEFRONT-RESIDENCES/R065963D
THE LAKESHORE,,1/12/2020,1324,1311,some notes,https://share.ecoprop.com/THE-LAKESHORE/R065963D
THE LANAI,,1/12/2020,0,1560,some notes,https://share.ecoprop.com/THE-LANAI/R065963D
THE LANDMARK,,1/12/2020,2714,2540,some notes,https://share.ecoprop.com/THE-LANDMARK/R065963D
THE LEGEND,,1/12/2020,0,1795,some notes,https://share.ecoprop.com/THE-LEGEND/R065963D
THE LILIUM,,1/12/2020,0,1788,some notes,https://share.ecoprop.com/THE-LILIUM/R065963D
THE LINE @ TANJONG RHU,,1/12/2020,0,2238,some notes,https://share.ecoprop.com/THE-LINE-TANJONG-RHU/R065963D
THE LOFT,,1/12/2020,2067,2165,some notes,https://share.ecoprop.com/THE-LOFT/R065963D
THE LUXURIE,,1/12/2020,1403,1441,some notes,https://share.ecoprop.com/THE-LUXURIE/R065963D
THE MADEIRA,,1/12/2020,0,1075,some notes,https://share.ecoprop.com/THE-MADEIRA/R065963D
THE MAKENA,,1/12/2020,0,1874,some notes,https://share.ecoprop.com/THE-MAKENA/R065963D
THE MARBELLA,,1/12/2020,0,2373,some notes,https://share.ecoprop.com/THE-MARBELLA/R065963D
THE MAYFAIR,,1/12/2020,0,1049,some notes,https://share.ecoprop.com/THE-MAYFAIR/R065963D
THE METROPOLITAN CONDOMINIUM,,1/12/2020,0,1604,some notes,https://share.ecoprop.com/THE-METROPOLITAN-CONDOMINIUM/R065963D
THE MILTONIA RESIDENCES,,1/12/2020,1210,0,some notes,https://share.ecoprop.com/THE-MILTONIA-RESIDENCES/R065963D
THE MINTON,,1/12/2020,1414,1527,some notes,https://share.ecoprop.com/THE-MINTON/R065963D
THE NAUTICAL,,1/12/2020,0,1226,some notes,https://share.ecoprop.com/THE-NAUTICAL/R065963D
THE NEXUS,,1/12/2020,1953,0,some notes,https://share.ecoprop.com/THE-NEXUS/R065963D
THE PALETTE,,1/12/2020,1403,1304,some notes,https://share.ecoprop.com/THE-PALETTE/R065963D
THE PANORAMA,,1/12/2020,1755,1868,some notes,https://share.ecoprop.com/THE-PANORAMA/R065963D
THE PARC CONDOMINIUM,,1/12/2020,0,1682,some notes,https://share.ecoprop.com/THE-PARC-CONDOMINIUM/R065963D
THE PEAK,,1/12/2020,0,1407,some notes,https://share.ecoprop.com/THE-PEAK/R065963D
THE PEAK@BALMEG,,1/12/2020,0,1655,some notes,https://share.ecoprop.com/THE-PEAK@BALMEG/R065963D
THE QUARTZ,,1/12/2020,0,1309,some notes,https://share.ecoprop.com/THE-QUARTZ/R065963D
THE REEF AT KING'S DOCK,,1/12/2020,0,2606,some notes,https://share.ecoprop.com/THE-REEF-AT-KING'S-DOCK/R065963D
THE SANTORINI,,1/12/2020,1306,1332,some notes,https://share.ecoprop.com/THE-SANTORINI/R065963D
THE SEA VIEW,,1/12/2020,0,2341,some notes,https://share.ecoprop.com/THE-SEA-VIEW/R065963D
THE SEAFRONT ON MEYER,,1/12/2020,0,2124,some notes,https://share.ecoprop.com/THE-SEAFRONT-ON-MEYER/R065963D
THE SHORE RESIDENCES,,1/12/2020,1804,1970,some notes,https://share.ecoprop.com/THE-SHORE-RESIDENCES/R065963D
THE SIXTH AVENUE RESIDENCES,,1/12/2020,0,1801,some notes,https://share.ecoprop.com/THE-SIXTH-AVENUE-RESIDENCES/R065963D
THE SKYWOODS,,1/12/2020,1450,0,some notes,https://share.ecoprop.com/THE-SKYWOODS/R065963D
THE SOLITAIRE,,1/12/2020,0,2343,some notes,https://share.ecoprop.com/THE-SOLITAIRE/R065963D
THE SORRENTO,,1/12/2020,1627,0,some notes,https://share.ecoprop.com/THE-SORRENTO/R065963D
THE SOUND,,1/12/2020,0,1864,some notes,https://share.ecoprop.com/THE-SOUND/R065963D
THE SPRINGBLOOM,,1/12/2020,0,1440,some notes,https://share.ecoprop.com/THE-SPRINGBLOOM/R065963D
THE STELLAR,,1/12/2020,0,1728,some notes,https://share.ecoprop.com/THE-STELLAR/R065963D
THE SUITES AT CENTRAL,,1/12/2020,0,2600,some notes,https://share.ecoprop.com/THE-SUITES-AT-CENTRAL/R065963D
THE SUMMIT,,1/12/2020,0,1426,some notes,https://share.ecoprop.com/THE-SUMMIT/R065963D
THE TAPESTRY,,1/12/2020,1645,1504,some notes,https://share.ecoprop.com/THE-TAPESTRY/R065963D
THE TESSARINA,,1/12/2020,0,2190,some notes,https://share.ecoprop.com/THE-TESSARINA/R065963D
THE TRE VER,,1/12/2020,1884,1912,some notes,https://share.ecoprop.com/THE-TRE-VER/R065963D
THE TREVOSE,,1/12/2020,0,1772,some notes,https://share.ecoprop.com/THE-TREVOSE/R065963D
THE TRILINQ,,1/12/2020,1635,1667,some notes,https://share.ecoprop.com/THE-TRILINQ/R065963D
THE TRIZON,,1/12/2020,0,2090,some notes,https://share.ecoprop.com/THE-TRIZON/R065963D
THE TROPICA,,1/12/2020,0,1002,some notes,https://share.ecoprop.com/THE-TROPICA/R065963D
THE TRUMPS,,1/12/2020,1511,0,some notes,https://share.ecoprop.com/THE-TRUMPS/R065963D
THE VISION,,1/12/2020,0,1548,some notes,https://share.ecoprop.com/THE-VISION/R065963D
THE WATERLINE,,1/12/2020,0,1165,some notes,https://share.ecoprop.com/THE-WATERLINE/R065963D
THE WATERSIDE,,1/12/2020,0,1812,some notes,https://share.ecoprop.com/THE-WATERSIDE/R065963D
THE WHARF RESIDENCE,,1/12/2020,0,2381,some notes,https://share.ecoprop.com/THE-WHARF-RESIDENCE/R065963D
THOMSON 800,,1/12/2020,0,1920,some notes,https://share.ecoprop.com/THOMSON-800/R065963D
THOMSON GRAND,,1/12/2020,0,1634,some notes,https://share.ecoprop.com/THOMSON-GRAND/R065963D
TIERRA VUE,,1/12/2020,0,1968,some notes,https://share.ecoprop.com/TIERRA-VUE/R065963D
TRE RESIDENCES,,1/12/2020,1629,0,some notes,https://share.ecoprop.com/TRE-RESIDENCES/R065963D
TREASURE AT TAMPINES,,1/12/2020,1630,1597,some notes,https://share.ecoprop.com/TREASURE-AT-TAMPINES/R065963D
TREASURE PLACE,,1/12/2020,0,1297,some notes,https://share.ecoprop.com/TREASURE-PLACE/R065963D
TREE HOUSE,,1/12/2020,1484,1402,some notes,https://share.ecoprop.com/TREE-HOUSE/R065963D
TREVISTA,,1/12/2020,1680,1653,some notes,https://share.ecoprop.com/TREVISTA/R065963D
TRILIVE,,1/12/2020,1808,0,some notes,https://share.ecoprop.com/TRILIVE/R065963D
TROPICAL SPRING,,1/12/2020,0,1049,some notes,https://share.ecoprop.com/TROPICAL-SPRING/R065963D
TWIN REGENCY,,1/12/2020,0,2031,some notes,https://share.ecoprop.com/TWIN-REGENCY/R065963D
UBER 388,,1/12/2020,1764,0,some notes,https://share.ecoprop.com/UBER-388/R065963D
URBAN TREASURES,,1/12/2020,2097,0,some notes,https://share.ecoprop.com/URBAN-TREASURES/R065963D
URBAN VISTA,,1/12/2020,1618,1389,some notes,https://share.ecoprop.com/URBAN-VISTA/R065963D
VACANZA @ EAST,,1/12/2020,1395,0,some notes,https://share.ecoprop.com/VACANZA-EAST/R065963D
VALLEY PARK,,1/12/2020,0,2203,some notes,https://share.ecoprop.com/VALLEY-PARK/R065963D
VAN HOLLAND,,1/12/2020,3122,2917,some notes,https://share.ecoprop.com/VAN-HOLLAND/R065963D
VARSITY PARK CONDOMINIUM,,1/12/2020,0,1433,some notes,https://share.ecoprop.com/VARSITY-PARK-CONDOMINIUM/R065963D
VERSAILLES,,1/12/2020,1495,0,some notes,https://share.ecoprop.com/VERSAILLES/R065963D
VILLA AZURA,,1/12/2020,0,1438,some notes,https://share.ecoprop.com/VILLA-AZURA/R065963D
VILLA MARINA,,1/12/2020,0,1171,some notes,https://share.ecoprop.com/VILLA-MARINA/R065963D
VIZ AT HOLLAND,,1/12/2020,1835,0,some notes,https://share.ecoprop.com/VIZ-AT-HOLLAND/R065963D
VUE 8 RESIDENCE,,1/12/2020,0,1313,some notes,https://share.ecoprop.com/VUE-8-RESIDENCE/R065963D
WATER PLACE,,1/12/2020,1721,1651,some notes,https://share.ecoprop.com/WATER-PLACE/R065963D
WATERBANK AT DAKOTA,,1/12/2020,1778,1668,some notes,https://share.ecoprop.com/WATERBANK-AT-DAKOTA/R065963D
WATERFRONT ISLE,,1/12/2020,1454,1644,some notes,https://share.ecoprop.com/WATERFRONT-ISLE/R065963D
WATERFRONT KEY,,1/12/2020,1439,1455,some notes,https://share.ecoprop.com/WATERFRONT-KEY/R065963D
WATERFRONT WAVES,,1/12/2020,1239,1446,some notes,https://share.ecoprop.com/WATERFRONT-WAVES/R065963D
WATERVIEW,,1/12/2020,1251,1058,some notes,https://share.ecoprop.com/WATERVIEW/R065963D
WATTEN HILL,,1/12/2020,0,1798,some notes,https://share.ecoprop.com/WATTEN-HILL/R065963D
WEST BAY CONDOMINIUM,,1/12/2020,0,1076,some notes,https://share.ecoprop.com/WEST-BAY-CONDOMINIUM/R065963D
WESTCOVE CONDOMINIUM,,1/12/2020,0,1038,some notes,https://share.ecoprop.com/WESTCOVE-CONDOMINIUM/R065963D
WOODGROVE CONDOMINIUM,,1/12/2020,0,880,some notes,https://share.ecoprop.com/WOODGROVE-CONDOMINIUM/R065963D
YONG AN PARK,,1/12/2020,0,2092,some notes,https://share.ecoprop.com/YONG-AN-PARK/R065963D
